nazwa,cena,ilość,kategoria,data_sprzedaży
Produkt B-1,184.59,817.0,Elektronika,2023-10-31
Produkt C-2,369.69,877.0,ODZIEŻ,2022-03-20
Produkt D-3,245.59,371.0,Spozywcze,2023-07-12
Produkt E-4,440.4,299.0,ODZIEŻ,2022-06-07
Produkt F-5,456.87,876.0,Sportowe,2023-08-19
Produkt G-6,175.2,547.0,Elektronika,2022-10-23
Produkt H-7,485.81,202.0,Sportowe,2022-03-06
Produkt I-8,141.42,770.0,ODZIEŻ,2023-05-28
Produkt J-9,311.75,877.0,Sportowe,2022-10-04
Produkt K-10,322.9,885.0,Spozywcze,2022-03-19
Produkt L-11,322.9,635.0,domowe,2022-08-20
Produkt M-12,351.26,480.0,Spozywcze,2022-10-30
Produkt N-13,86.93,468.0,domowe,2022-01-14
Produkt O-14,440.4,985.0,Spozywcze,2023-05-25
Produkt P-15,245.59,193.0,Sportowe,2023-03-07
Produkt Q-16,127.41,920.0,Elektronika,2022-12-25
Produkt R-17,498.25,875.0,Sportowe,2023-12-24
Produkt S-18,127.41,143.0,Spozywcze,2022-09-06
Produkt T-19,141.47,721.0,Spozywcze,2023-12-08
Produkt U-20,146.1,57.0,domowe,2022-02-18
Produkt V-21,480.21,812.0,Elektronika,2022-12-18
Produkt W-22,447.26,625.0,elektronika,2023-11-03
Produkt X-23,156.48,817.0,elektronika,2022-10-22
Produkt Y-24,317.65,261.0,Sportowe,2022-08-23
Produkt Z-25,317.65,476.0,domowe,2022-01-11
Produkt A-26,311.75,660.0,ODZIEŻ,2022-05-15
Produkt B-27,211.33,402.0,Sportowe,2023-04-12
Produkt C-28,471.0,425.0,Spozywcze,2022-01-24
Produkt D-29,53.27,721.0,domowe,2023-12-27
Produkt E-30,485.81,101.0,ODZIEŻ,2022-08-30
Produkt F-31,161.59,182.0,Sportowe,2023-01-16
Produkt G-32,300.46,934.0,domowe,2023-03-10
Produkt H-33,72.38,194.0,elektronika,2022-12-07
Produkt I-34,341.93,371.0,Spozywcze,2022-10-30
Produkt J-35,440.4,182.0,Sportowe,2023-03-07
Produkt K-36,183.72,598.0,domowe,2022-05-18
Produkt L-37,223.76,625.0,ODZIEŻ,2022-02-16
Produkt M-38,369.69,562.0,domowe,2022-12-29
Produkt N-39,53.27,562.0,Elektronika,2022-10-20
Produkt O-40,245.59,614.0,Sportowe,2023-04-21
Produkt P-41,431.5,917.0,Spozywcze,2023-11-06
Produkt Q-42,369.69,101.0,Spozywcze,2022-07-18
Produkt R-43,238.62,917.0,elektronika,2022-07-27
Produkt S-44,445.08,480.0,elektronika,2023-08-31
Produkt T-45,223.29,927.0,Elektronika,2023-03-15
Produkt U-46,497.75,940.0,ODZIEŻ,2023-06-23
Produkt V-47,303.97,278.0,Spozywcze,2023-11-13
Produkt W-48,480.21,120.0,domowe,2022-06-29
Produkt X-49,147.93,255.0,Sportowe,2022-10-11
Produkt Y-50,163.66,210.0,ODZIEŻ,2022-05-30
Produkt Z-51,497.75,120.0,ODZIEŻ,2023-07-22
Produkt A-52,141.47,831.0,elektronika,2022-08-02
Produkt B-53,422.89,122.0,Spozywcze,2022-12-04
Produkt C-54,380.11,444.0,Elektronika,2023-08-23
Produkt D-55,283.06,485.0,ODZIEŻ,2023-10-19
Produkt E-56,351.26,606.0,Spozywcze,2022-05-17
Produkt F-57,204.1,357.0,elektronika,2022-11-02
Produkt G-58,444.92,894.0,Sportowe,2022-03-25
Produkt H-59,404.57,101.0,Spozywcze,2022-11-24
Produkt I-60,440.4,202.0,elektronika,2022-10-11
Produkt J-61,72.59,466.0,domowe,2023-11-04
Produkt K-62,422.18,247.0,ODZIEŻ,2022-10-13
Produkt L-63,269.67,485.0,Elektronika,2022-05-22
Produkt M-64,422.89,57.0,Spozywcze,2022-04-26
Produkt N-65,141.42,645.0,Spozywcze,2023-01-10
Produkt O-66,108.85,431.0,elektronika,2022-12-02
Produkt P-67,37.45,917.0,elektronika,2022-06-06
Produkt Q-68,383.95,431.0,Sportowe,2022-02-09
Produkt R-69,207.58,927.0,ODZIEŻ,2022-04-25
Produkt S-70,269.67,120.0,Spozywcze,2022-11-23
Produkt T-71,183.72,885.0,Elektronika,2023-06-17
Produkt U-72,133.22,721.0,domowe,2023-05-04
Produkt V-73,300.46,377.0,elektronika,2022-07-02
Produkt W-74,447.32,483.0,Sportowe,2023-02-21
Produkt X-75,351.26,660.0,ODZIEŻ,2022-11-24
Produkt Y-76,485.21,377.0,elektronika,2023-03-11
Produkt Z-77,422.89,912.0,ODZIEŻ,2023-01-20
Produkt A-78,383.95,71.0,ODZIEŻ,2022-01-20
Produkt B-79,456.87,562.0,domowe,2022-03-07
Produkt C-80,252.34,515.0,elektronika,2022-03-06
Produkt D-81,93.83,278.0,Elektronika,2022-02-24
Produkt E-82,331.48,660.0,domowe,2023-05-29
Produkt F-83,485.21,71.0,Sportowe,2022-03-01
Produkt G-84,480.21,190.0,elektronika,2023-10-08
Produkt H-85,485.81,661.0,Spozywcze,2023-03-21
Produkt I-86,380.11,390.0,Sportowe,2023-06-27
Produkt J-87,317.65,719.0,domowe,2022-04-07
Produkt K-88,440.4,515.0,Sportowe,2023-03-27
Produkt L-89,351.26,877.0,ODZIEŻ,2023-09-17
Produkt M-90,447.26,898.0,Spozywcze,2023-05-13
Produkt N-91,280.66,420.0,domowe,2023-07-05
Produkt O-92,303.97,153.0,Spozywcze,2022-08-24
Produkt P-93,141.47,547.0,domowe,2023-05-09
Produkt Q-94,75.8,143.0,Sportowe,2022-02-24
Produkt R-95,422.89,661.0,Spozywcze,2023-01-01
Produkt S-96,399.45,919.0,Spozywcze,2022-04-16
Produkt T-97,141.42,666.0,domowe,2022-04-14
Produkt U-98,11.31,261.0,Elektronika,2023-07-16
Produkt V-99,61.48,934.0,elektronika,2022-05-15
Produkt W-100,119.69,875.0,domowe,2022-06-07
Produkt X-101,444.92,377.0,domowe,2022-12-29
Produkt Y-102,72.59,255.0,Sportowe,2022-12-16
Produkt Z-103,485.21,547.0,Elektronika,2023-04-21
Produkt A-104,207.58,661.0,ODZIEŻ,2022-12-23
Produkt B-105,223.29,940.0,ODZIEŻ,2023-01-23
Produkt C-106,147.93,831.0,Spozywcze,2024-01-01
Produkt D-107,322.9,431.0,Sportowe,2023-10-15
Produkt E-108,422.18,299.0,domowe,2022-10-07
Produkt F-109,,371.0,Elektronika,2023-06-30
Produkt G-110,211.33,985.0,Elektronika,2023-05-06
Produkt H-111,163.66,278.0,Spozywcze,2022-04-09
Produkt I-112,108.85,802.0,ODZIEŻ,2023-05-01
Produkt J-113,61.48,146.0,Sportowe,2023-01-20
Produkt K-114,351.25,247.0,domowe,2023-09-20
Produkt L-115,186.38,442.0,Sportowe,2023-03-01
Produkt M-116,204.1,233.0,Sportowe,2022-01-20
Produkt N-117,317.43,626.0,Elektronika,2023-08-19
Produkt O-118,53.27,719.0,ODZIEŻ,2022-07-11
Produkt P-119,356.28,661.0,domowe,2022-10-23
Produkt Q-120,195.07,377.0,elektronika,2023-09-04
Produkt R-121,300.46,120.0,Sportowe,2022-05-11
Produkt S-122,72.59,626.0,ODZIEŻ,2022-08-30
Produkt T-123,163.66,985.0,elektronika,2023-08-13
Produkt U-124,356.28,666.0,elektronika,2022-05-08
Produkt V-125,245.59,940.0,Spozywcze,2023-04-25
Produkt W-126,86.93,444.0,elektronika,2022-02-25
Produkt X-127,117.7,420.0,domowe,2022-05-02
Produkt Y-128,331.48,645.0,Elektronika,2022-09-12
Produkt Z-129,480.21,898.0,elektronika,2023-04-25
Produkt A-130,238.62,942.0,ODZIEŻ,2023-02-13
Produkt B-131,147.93,120.0,elektronika,2023-02-08
Produkt C-132,61.48,361.0,Spozywcze,2023-11-02
Produkt D-133,471.5,721.0,ODZIEŻ,2022-11-30
Produkt E-134,72.59,719.0,Spozywcze,2022-02-22
Produkt F-135,6.0,919.0,domowe,2022-10-01
Produkt G-136,351.26,476.0,elektronika,2022-10-20
Produkt H-137,163.66,202.0,elektronika,2023-08-19
Produkt I-138,156.48,468.0,Spozywcze,2022-10-20
Produkt J-139,422.89,598.0,Elektronika,2023-01-14
Produkt K-140,485.21,660.0,Elektronika,2022-05-17
Produkt L-141,356.28,770.0,elektronika,2023-08-07
Produkt M-142,431.5,598.0,elektronika,2023-05-30
Produkt N-143,147.93,101.0,ODZIEŻ,2023-12-20
Produkt O-144,431.5,329.0,elektronika,2022-03-31
Produkt P-145,163.66,920.0,Sportowe,2022-11-17
Produkt Q-146,108.85,721.0,Spozywcze,2022-06-28
Produkt R-147,410.92,425.0,Spozywcze,2022-12-15
Produkt S-148,93.83,831.0,Elektronika,2022-06-10
Produkt T-149,317.65,934.0,Elektronika,2023-11-13
Produkt U-150,371.22,876.0,ODZIEŻ,2022-12-29
Produkt V-151,440.4,877.0,elektronika,2022-06-07
Produkt W-152,283.06,210.0,elektronika,2023-04-08
Produkt X-153,288.85,420.0,domowe,2023-09-20
Produkt Y-154,447.32,420.0,ODZIEŻ,2022-10-20
Produkt Z-155,317.65,598.0,ODZIEŻ,2022-11-29
Produkt A-156,252.34,29.0,domowe,2022-07-29
Produkt B-157,113.93,515.0,elektronika,2022-12-21
Produkt C-158,204.1,917.0,elektronika,2023-10-16
Produkt D-159,447.32,120.0,ODZIEŻ,2022-05-24
Produkt E-160,322.9,371.0,ODZIEŻ,2023-06-05
Produkt F-161,317.43,635.0,Spozywcze,2023-06-14
Produkt G-162,175.2,57.0,Sportowe,2023-10-16
Produkt H-163,252.34,101.0,Elektronika,2023-01-13
Produkt I-164,351.25,919.0,elektronika,2022-12-09
Produkt J-165,351.25,361.0,ODZIEŻ,2022-01-27
Produkt K-166,371.22,190.0,elektronika,2022-09-02
Produkt L-167,445.08,645.0,elektronika,2023-05-19
Produkt M-168,103.7,466.0,Elektronika,2022-04-01
Produkt N-169,269.67,193.0,Sportowe,2023-01-03
Produkt O-170,447.26,985.0,ODZIEŻ,2022-10-23
Produkt P-171,117.7,625.0,domowe,2023-10-06
Produkt Q-172,431.5,719.0,Spozywcze,2022-08-30
Produkt R-173,311.75,632.0,elektronika,2023-05-04
Produkt S-174,288.85,485.0,Sportowe,2023-01-26
Produkt T-175,471.0,77.0,Sportowe,2023-03-10
Produkt U-176,383.95,29.0,ODZIEŻ,2023-07-18
Produkt V-177,282.64,190.0,Sportowe,2023-03-20
Produkt W-178,485.21,57.0,Spozywcze,2023-09-27
Produkt X-179,119.69,101.0,domowe,2023-08-07
Produkt Y-180,498.25,443.0,Spozywcze,2023-04-30
Produkt Z-181,404.57,53.0,Spozywcze,2022-03-25
Produkt A-182,476.64,193.0,ODZIEŻ,2022-12-09
Produkt B-183,178.63,130.0,domowe,2023-10-03
Produkt C-184,303.97,562.0,elektronika,2023-10-08
Produkt D-185,269.67,485.0,elektronika,2023-11-09
Produkt E-186,471.5,194.0,ODZIEŻ,2022-02-18
Produkt F-187,499.93,598.0,ODZIEŻ,2022-08-23
Produkt G-188,223.76,369.0,Spozywcze,2022-03-12
Produkt H-189,287.7,875.0,Elektronika,2024-01-01
Produkt I-190,53.27,468.0,domowe,2023-07-12
Produkt J-191,317.43,480.0,Sportowe,2022-12-25
Produkt K-192,422.89,927.0,Sportowe,2022-05-30
Produkt L-193,141.47,202.0,Sportowe,2022-11-12
Produkt M-194,269.67,515.0,Sportowe,2022-11-26
Produkt N-195,450.57,153.0,ODZIEŻ,2023-02-21
Produkt O-196,458.75,374.0,ODZIEŻ,2022-06-12
Produkt P-197,117.7,719.0,Elektronika,2022-11-30
Produkt Q-198,447.32,747.0,elektronika,2023-04-18
Produkt R-199,311.75,831.0,Sportowe,2023-10-02
Produkt S-200,431.5,817.0,Spozywcze,2023-07-06
Produkt T-201,317.43,802.0,elektronika,2023-12-02
Produkt U-202,314.07,77.0,elektronika,2022-04-23
Produkt V-203,238.62,193.0,ODZIEŻ,2022-02-27
Produkt W-204,303.97,101.0,elektronika,2023-05-23
Produkt X-205,447.26,255.0,elektronika,2022-11-29
Produkt Y-206,393.41,485.0,elektronika,2023-12-18
Produkt Z-207,163.66,831.0,Elektronika,2023-08-25
Produkt A-208,113.93,278.0,Elektronika,2023-08-17
Produkt B-209,11.31,625.0,ODZIEŻ,2022-03-13
Produkt C-210,300.46,143.0,Sportowe,2022-11-30
Produkt D-211,282.64,242.0,ODZIEŻ,2022-07-20
Produkt E-212,61.48,606.0,Spozywcze,2023-06-21
Produkt F-213,20.56,377.0,domowe,2022-04-10
Produkt G-214,337.54,562.0,Spozywcze,2022-02-10
Produkt H-215,499.93,299.0,ODZIEŻ,2023-03-07
Produkt I-216,458.75,390.0,domowe,2023-07-05
Produkt J-217,404.57,182.0,elektronika,2023-09-24
Produkt K-218,20.56,369.0,domowe,2022-08-09
Produkt L-219,303.97,942.0,domowe,2023-03-10
Produkt M-220,410.92,666.0,Spozywcze,2022-02-06
Produkt N-221,497.75,934.0,domowe,2023-02-14
Produkt O-222,20.56,261.0,Elektronika,2022-05-17
Produkt P-223,223.76,817.0,ODZIEŻ,2023-06-07
Produkt Q-224,476.64,485.0,Sportowe,2023-03-15
Produkt R-225,269.39,917.0,domowe,2022-03-03
Produkt S-226,329.37,143.0,ODZIEŻ,2022-05-25
Produkt T-227,127.41,483.0,Spozywcze,2023-04-11
Produkt U-228,471.0,122.0,ODZIEŻ,2022-10-23
Produkt V-229,476.64,488.0,ODZIEŻ,2022-02-15
Produkt W-230,72.38,431.0,Sportowe,2023-09-29
Produkt X-231,163.66,444.0,ODZIEŻ,2022-12-21
Produkt Y-232,127.41,193.0,Sportowe,2022-05-27
Produkt Z-233,351.25,625.0,domowe,2023-11-26
Produkt A-234,497.75,247.0,elektronika,2022-05-03
Produkt B-235,108.85,402.0,ODZIEŻ,2022-02-16
Produkt C-236,280.66,261.0,Spozywcze,2023-08-19
Produkt D-237,314.07,466.0,domowe,2022-11-07
Produkt E-238,447.32,431.0,ODZIEŻ,2023-02-04
Produkt F-239,119.69,390.0,elektronika,2022-01-31
Produkt G-240,53.27,666.0,Elektronika,2023-03-26
Produkt H-241,252.34,894.0,ODZIEŻ,2022-08-02
Produkt I-242,485.21,515.0,Elektronika,2023-09-19
Produkt J-243,283.06,278.0,Elektronika,2023-05-30
Produkt K-244,431.5,485.0,elektronika,2022-09-25
Produkt L-245,429.7,547.0,Sportowe,2023-11-23
Produkt M-246,161.59,476.0,Sportowe,2022-07-26
Produkt N-247,274.03,233.0,Elektronika,2023-11-22
Produkt O-248,238.62,917.0,Sportowe,2022-07-07
Produkt P-249,322.9,515.0,Sportowe,2022-07-23
Produkt Q-250,351.26,227.0,Spozywcze,2022-12-13
Produkt R-251,447.26,357.0,ODZIEŻ,2023-01-13
Produkt S-252,341.72,255.0,ODZIEŻ,2022-12-02
Produkt T-253,204.1,369.0,Elektronika,2022-10-23
Produkt U-254,117.7,802.0,domowe,2022-01-06
Produkt V-255,393.41,247.0,domowe,2023-05-07
Produkt W-256,431.5,443.0,elektronika,2022-08-21
Produkt X-257,207.58,29.0,domowe,2023-08-04
Produkt Y-258,356.28,431.0,domowe,2022-09-02
Produkt Z-259,186.38,357.0,elektronika,2023-12-24
Produkt A-260,108.85,942.0,Sportowe,2022-01-11
Produkt B-261,141.47,523.0,Sportowe,2023-02-19
Produkt C-262,147.93,101.0,elektronika,2023-06-21
Produkt D-263,163.66,562.0,Sportowe,2022-10-26
Produkt E-264,351.26,210.0,ODZIEŻ,2023-09-05
Produkt F-265,300.46,261.0,Sportowe,2023-01-29
Produkt G-266,20.56,442.0,domowe,2022-04-28
Produkt H-267,288.85,875.0,Spozywcze,2023-04-11
Produkt I-268,282.64,374.0,Elektronika,2022-03-20
Produkt J-269,485.81,143.0,elektronika,2023-12-24
Produkt K-270,486.2,877.0,Sportowe,2023-10-22
Produkt L-271,393.41,927.0,Elektronika,2023-03-07
Produkt M-272,141.47,29.0,ODZIEŻ,2023-07-16
Produkt N-273,223.29,817.0,elektronika,2022-03-29
Produkt O-274,287.7,,Sportowe,2023-04-14
Produkt P-275,238.62,442.0,domowe,2023-07-03
Produkt Q-276,61.48,,ODZIEŻ,2023-09-20
Produkt R-277,48.5,146.0,ODZIEŻ,2023-06-02
Produkt S-278,238.62,374.0,ODZIEŻ,2023-04-11
Produkt T-279,275.26,466.0,Elektronika,2023-12-08
Produkt U-280,314.07,371.0,elektronika,2022-10-11
Produkt V-281,317.65,817.0,Spozywcze,2023-07-03
Produkt W-282,317.43,515.0,Sportowe,2022-05-06
Produkt X-283,65.79,369.0,elektronika,2022-11-27
Produkt Y-284,72.38,812.0,elektronika,2023-04-02
Produkt Z-285,207.58,562.0,Spozywcze,2022-02-02
Produkt A-286,429.7,444.0,ODZIEŻ,2023-07-09
Produkt B-287,163.66,485.0,ODZIEŻ,2023-10-15
Produkt C-288,351.25,625.0,ODZIEŻ,2022-03-04
Produkt D-289,75.8,747.0,Spozywcze,2023-06-01
Produkt E-290,422.18,666.0,Sportowe,2023-04-06
Produkt F-291,431.5,661.0,ODZIEŻ,2023-11-18
Produkt G-292,178.63,210.0,domowe,2023-07-07
Produkt H-293,317.65,985.0,elektronika,2022-05-11
Produkt I-294,141.47,547.0,elektronika,2022-04-26
Produkt J-295,269.67,261.0,Spozywcze,2023-09-29
Produkt K-296,383.95,77.0,Sportowe,2022-10-22
Produkt L-297,20.56,19.0,Elektronika,2023-08-04
Produkt M-298,275.26,299.0,ODZIEŻ,2022-09-25
Produkt N-299,476.64,299.0,elektronika,2023-04-17
Produkt O-300,269.39,299.0,Elektronika,2022-10-07
Produkt P-301,440.4,912.0,ODZIEŻ,2023-12-18
Produkt Q-302,422.18,940.0,domowe,2022-10-19
Produkt R-303,133.22,817.0,Sportowe,2022-08-04
Produkt S-304,485.21,661.0,Sportowe,2022-03-12
Produkt T-305,117.7,431.0,elektronika,2022-03-29
Produkt U-306,447.26,523.0,elektronika,2023-02-01
Produkt V-307,450.57,357.0,elektronika,2022-05-25
Produkt W-308,274.03,817.0,domowe,2023-02-14
Produkt X-309,331.48,476.0,Sportowe,2022-11-26
Produkt Y-310,37.45,645.0,Spozywcze,2023-05-23
Produkt Z-311,20.56,130.0,elektronika,2023-01-07
Produkt A-312,341.93,278.0,Elektronika,2023-05-10
Produkt B-313,119.69,917.0,domowe,2022-09-25
Produkt C-314,471.0,431.0,ODZIEŻ,2023-06-23
Produkt D-315,53.27,425.0,Sportowe,2022-09-19
Produkt E-316,274.03,466.0,Sportowe,2023-05-23
Produkt F-317,351.25,130.0,elektronika,2023-09-24
Produkt G-318,133.22,143.0,domowe,2023-03-05
Produkt H-319,317.43,606.0,Spozywcze,2023-07-13
Produkt I-320,287.7,377.0,Elektronika,2022-05-17
Produkt J-321,341.72,190.0,Elektronika,2022-07-30
Produkt K-322,195.07,299.0,elektronika,2023-09-03
Produkt L-323,48.88,444.0,ODZIEŻ,2023-06-14
Produkt M-324,422.18,985.0,Spozywcze,2022-05-09
Produkt N-325,429.7,559.0,domowe,2022-02-15
Produkt O-326,480.21,632.0,Sportowe,2022-04-17
Produkt P-327,311.75,817.0,Spozywcze,2022-07-20
Produkt Q-328,93.83,53.0,domowe,2022-08-25
Produkt R-329,351.25,431.0,Sportowe,2022-08-14
Produkt S-330,486.2,425.0,domowe,2023-08-13
Produkt T-331,156.48,57.0,ODZIEŻ,2023-02-07
Produkt U-332,113.93,390.0,Sportowe,2023-02-23
Produkt V-333,471.0,57.0,Elektronika,2023-09-01
Produkt W-334,309.25,875.0,elektronika,2023-11-12
Produkt X-335,471.0,420.0,Elektronika,2022-08-09
Produkt Y-336,273.57,747.0,elektronika,2022-11-29
Produkt Z-337,445.08,919.0,ODZIEŻ,2023-01-14
Produkt A-338,93.83,940.0,domowe,2022-01-11
Produkt B-339,141.47,642.0,Sportowe,2022-09-18
Produkt C-340,337.54,420.0,ODZIEŻ,2023-05-22
Produkt D-341,485.21,476.0,elektronika,2022-01-01
Produkt E-342,184.59,877.0,ODZIEŻ,2023-01-06
Produkt F-343,53.27,898.0,elektronika,2023-08-29
Produkt G-344,93.83,919.0,Sportowe,2022-03-31
Produkt H-345,485.21,626.0,ODZIEŻ,2023-01-03
Produkt I-346,161.59,299.0,elektronika,2023-06-17
Produkt J-347,184.59,29.0,elektronika,2023-09-22
Produkt K-348,288.85,559.0,domowe,2022-01-11
Produkt L-349,380.11,894.0,ODZIEŻ,2022-12-06
Produkt M-350,309.25,719.0,domowe,2023-11-03
Produkt N-351,445.08,598.0,Sportowe,2023-11-25
Produkt O-352,311.75,374.0,Elektronika,2023-09-23
Produkt P-353,184.59,598.0,domowe,2023-12-12
Produkt Q-354,127.41,425.0,elektronika,2023-11-15
Produkt R-355,447.26,444.0,Sportowe,2022-03-04
Produkt S-356,207.58,371.0,ODZIEŻ,2023-05-22
Produkt T-357,331.48,299.0,ODZIEŻ,2022-04-17
Produkt U-358,337.54,614.0,ODZIEŻ,2022-06-27
Produkt V-359,498.25,374.0,ODZIEŻ,2023-04-06
Produkt W-360,404.57,940.0,Elektronika,2022-09-21
Produkt X-361,146.1,210.0,ODZIEŻ,2023-07-18
Produkt Y-362,399.45,153.0,elektronika,2022-05-27
Produkt Z-363,269.67,466.0,ODZIEŻ,2023-04-30
Produkt A-364,175.2,660.0,Spozywcze,2022-12-21
Produkt B-365,156.48,614.0,ODZIEŻ,2022-11-14
Produkt C-366,269.67,371.0,elektronika,2022-12-29
Produkt D-367,48.5,623.0,domowe,2022-08-20
Produkt E-368,471.5,488.0,ODZIEŻ,2024-01-01
Produkt F-369,133.22,202.0,Spozywcze,2023-05-30
Produkt G-370,103.7,361.0,Elektronika,2022-08-06
Produkt H-371,245.59,614.0,Spozywcze,2023-03-21
Produkt I-372,314.07,402.0,Sportowe,2022-08-30
Produkt J-373,274.03,770.0,Elektronika,2023-11-04
Produkt K-374,178.63,402.0,Sportowe,2022-12-15
Produkt L-375,269.67,625.0,Elektronika,2022-04-20
Produkt M-376,311.75,661.0,domowe,2023-08-01
Produkt N-377,485.81,193.0,Spozywcze,2023-11-25
Produkt O-378,300.46,371.0,Elektronika,2023-02-24
Produkt P-379,186.38,912.0,domowe,2023-12-14
Produkt Q-380,275.26,182.0,Sportowe,2023-05-11
Produkt R-381,485.21,488.0,elektronika,2023-05-07
Produkt S-382,273.57,278.0,ODZIEŻ,2023-04-02
Produkt T-383,322.9,666.0,Spozywcze,2023-04-30
Produkt U-384,6.0,802.0,domowe,2023-12-26
Produkt V-385,371.22,559.0,Elektronika,2022-02-24
Produkt W-386,404.57,101.0,elektronika,2022-02-12
Produkt X-387,86.93,271.0,Sportowe,2022-08-30
Produkt Y-388,133.22,632.0,domowe,nan
Produkt Z-389,300.46,377.0,elektronika,2023-08-06
Produkt A-390,393.41,942.0,domowe,2022-04-03
Produkt B-391,53.27,562.0,domowe,2022-04-13
Produkt C-392,404.57,377.0,domowe,2022-03-22
Produkt D-393,356.28,875.0,Sportowe,2022-05-17
Produkt E-394,287.7,19.0,Sportowe,2023-04-11
Produkt F-395,288.85,817.0,Spozywcze,2023-11-29
Produkt G-396,429.7,802.0,ODZIEŻ,2023-12-18
Produkt H-397,37.45,101.0,Elektronika,2023-05-03
Produkt I-398,207.58,402.0,ODZIEŻ,2023-01-10
Produkt J-399,6.0,614.0,elektronika,2022-11-17
Produkt K-400,309.25,,domowe,2023-05-13
Produkt L-401,275.26,143.0,Spozywcze,2023-06-16
Produkt M-402,476.64,877.0,Spozywcze,2022-04-16
Produkt N-403,207.58,425.0,Spozywcze,2022-04-07
Produkt O-404,369.69,194.0,Spozywcze,2022-09-27
Produkt P-405,485.81,402.0,ODZIEŻ,2023-05-23
Produkt Q-406,283.06,120.0,elektronika,2023-01-04
Produkt R-407,163.66,329.0,elektronika,2022-05-08
Produkt S-408,20.56,559.0,ODZIEŻ,2022-12-16
Produkt T-409,113.93,547.0,ODZIEŻ,2023-03-29
Produkt U-410,471.0,442.0,ODZIEŻ,2023-10-28
Produkt V-411,238.62,202.0,elektronika,2022-05-25
Produkt W-412,288.85,770.0,elektronika,2023-01-29
Produkt X-413,303.97,485.0,Spozywcze,2023-12-23
Produkt Y-414,471.5,444.0,Spozywcze,2023-07-29
Produkt Z-415,322.9,431.0,ODZIEŻ,2023-07-21
Produkt A-416,429.7,402.0,Elektronika,2023-04-21
Produkt B-417,322.9,625.0,domowe,2022-02-25
Produkt C-418,317.65,242.0,elektronika,2023-08-07
Produkt D-419,72.38,919.0,Elektronika,2023-09-22
Produkt E-420,65.79,598.0,Spozywcze,2022-01-02
Produkt F-421,175.2,802.0,Sportowe,2023-07-31
Produkt G-422,480.21,898.0,domowe,2022-08-28
Produkt H-423,440.4,875.0,Spozywcze,2023-09-16
Produkt I-424,288.85,942.0,elektronika,2022-03-03
Produkt J-425,341.72,468.0,Spozywcze,2022-06-25
Produkt K-426,380.11,361.0,elektronika,2023-01-07
Produkt L-427,48.5,357.0,elektronika,2022-02-03
Produkt M-428,238.62,261.0,elektronika,2022-08-11
Produkt N-429,486.2,466.0,Spozywcze,2023-09-16
Produkt O-430,195.07,194.0,ODZIEŻ,2022-04-03
Produkt P-431,178.63,369.0,Sportowe,2022-11-07
Produkt Q-432,393.41,466.0,Spozywcze,2023-08-13
Produkt R-433,,841.0,domowe,2023-06-21
Produkt S-434,317.43,420.0,ODZIEŻ,2022-01-12
Produkt T-435,447.32,233.0,Elektronika,2022-12-02
Produkt U-436,61.48,920.0,Spozywcze,2023-02-24
Produkt V-437,499.93,927.0,Sportowe,2022-12-19
Produkt W-438,280.66,523.0,Elektronika,2023-11-04
Produkt X-439,163.66,598.0,Elektronika,2023-05-23
Produkt Y-440,422.89,261.0,elektronika,2023-01-14
Produkt Z-441,440.4,645.0,ODZIEŻ,2022-09-21
Produkt A-442,65.79,390.0,Spozywcze,2023-12-05
Produkt B-443,163.66,377.0,Elektronika,2022-03-20
Produkt C-444,156.48,371.0,Sportowe,2022-03-10
Produkt D-445,245.59,485.0,ODZIEŻ,2022-11-10
Produkt E-446,485.81,122.0,Elektronika,2023-12-29
Produkt F-447,393.41,371.0,elektronika,2023-06-27
Produkt G-448,393.41,130.0,domowe,2023-08-22
Produkt H-449,422.18,29.0,Elektronika,2022-03-10
Produkt I-450,331.48,371.0,Elektronika,2022-12-06
Produkt J-451,471.5,817.0,elektronika,2022-04-19
Produkt K-452,431.5,374.0,Spozywcze,2022-11-10
Produkt L-453,103.7,940.0,domowe,2022-11-18
Produkt M-454,444.92,120.0,domowe,2023-12-14
Produkt N-455,288.85,431.0,ODZIEŻ,2022-04-04
Produkt O-456,103.7,77.0,Spozywcze,2022-06-28
Produkt P-457,103.7,361.0,domowe,2023-11-29
Produkt Q-458,274.03,614.0,Sportowe,2023-03-24
Produkt R-459,287.7,202.0,Elektronika,2023-08-28
Produkt S-460,11.31,122.0,Elektronika,2023-04-15
Produkt T-461,425.91,547.0,Sportowe,2023-12-01
Produkt U-462,204.1,625.0,ODZIEŻ,2023-03-29
Produkt V-463,458.75,614.0,Sportowe,2022-12-09
Produkt W-464,317.65,233.0,elektronika,2022-10-10
Produkt X-465,356.28,261.0,Spozywcze,2022-01-25
Produkt Y-466,440.4,559.0,Sportowe,2022-03-23
Produkt Z-467,300.46,632.0,Elektronika,2022-08-25
Produkt A-468,300.46,143.0,ODZIEŻ,2023-08-31
Produkt B-469,269.39,19.0,domowe,2023-01-10
Produkt C-470,223.76,559.0,elektronika,2022-02-10
Produkt D-471,108.85,645.0,Sportowe,2022-05-05
Produkt E-472,211.33,143.0,ODZIEŻ,2023-10-30
Produkt F-473,287.7,614.0,Elektronika,2023-06-05
Produkt G-474,447.32,942.0,Spozywcze,2023-12-23
Produkt H-475,450.57,876.0,domowe,2023-09-05
Produkt I-476,351.26,625.0,Elektronika,2023-09-07
Produkt J-477,288.85,431.0,elektronika,2022-06-29
Produkt K-478,156.48,390.0,elektronika,2022-11-12
Produkt L-479,445.08,329.0,elektronika,2022-10-29
Produkt M-480,311.75,194.0,Spozywcze,2022-06-24
Produkt N-481,273.57,261.0,ODZIEŻ,2022-04-30
Produkt O-482,48.5,485.0,Spozywcze,2022-09-02
Produkt P-483,393.41,876.0,Sportowe,2022-12-12
Produkt Q-484,309.25,193.0,Sportowe,2022-07-14
Produkt R-485,425.91,562.0,Spozywcze,2022-06-24
Produkt S-486,440.4,329.0,Elektronika,2023-08-12
Produkt T-487,93.83,329.0,Elektronika,2022-07-29
Produkt U-488,371.22,77.0,Spozywcze,2023-07-09
Produkt V-489,485.21,747.0,Elektronika,2023-09-01
Produkt W-490,447.26,443.0,Sportowe,2023-12-08
Produkt X-491,53.27,390.0,domowe,2022-06-22
Produkt Y-492,175.2,202.0,domowe,2022-10-24
Produkt Z-493,86.93,719.0,Elektronika,2022-09-09
Produkt A-494,485.36,57.0,Spozywcze,2023-07-18
Produkt B-495,309.25,985.0,ODZIEŻ,2022-03-04
Produkt C-496,283.06,227.0,Elektronika,2022-08-01
Produkt D-497,369.69,329.0,Sportowe,2022-12-18
Produkt E-498,445.08,747.0,Elektronika,2023-04-12
Produkt F-499,6.0,614.0,elektronika,2023-12-17
Produkt G-500,341.72,374.0,Elektronika,2023-09-07
Produkt H-501,476.64,919.0,Elektronika,2022-12-04
Produkt I-502,252.34,402.0,Spozywcze,2023-03-11
Produkt J-503,322.9,233.0,ODZIEŻ,2022-11-24
Produkt K-504,75.8,182.0,domowe,2022-12-02
Produkt L-505,476.64,912.0,elektronika,2022-02-06
Produkt M-506,163.66,146.0,Sportowe,2022-09-30
Produkt N-507,485.81,271.0,Spozywcze,2022-02-21
Produkt O-508,103.7,371.0,Spozywcze,2023-07-28
Produkt P-509,369.69,985.0,elektronika,2022-03-20
Produkt Q-510,341.72,920.0,ODZIEŻ,2023-06-02
Produkt R-511,317.65,182.0,Elektronika,2023-12-27
Produkt S-512,499.93,101.0,ODZIEŻ,2022-10-17
Produkt T-513,204.1,747.0,elektronika,2022-12-25
Produkt U-514,48.88,934.0,ODZIEŻ,2022-12-23
Produkt V-515,429.7,122.0,domowe,2022-09-19
Produkt W-516,485.36,812.0,elektronika,2022-07-07
Produkt X-517,341.72,371.0,Elektronika,2023-09-24
Produkt Y-518,393.41,329.0,elektronika,2023-04-28
Produkt Z-519,282.64,71.0,Spozywcze,2022-01-22
Produkt A-520,309.25,53.0,Spozywcze,2022-04-07
Produkt B-521,141.47,660.0,domowe,2023-01-03
Produkt C-522,456.87,480.0,ODZIEŻ,2023-01-06
Produkt D-523,269.67,920.0,Elektronika,2022-05-22
Produkt E-524,356.28,57.0,Elektronika,2023-06-20
Produkt F-525,393.41,402.0,Elektronika,2023-12-17
Produkt G-526,410.92,369.0,Spozywcze,2023-06-02
Produkt H-527,141.47,101.0,elektronika,2022-01-31
Produkt I-528,113.93,402.0,domowe,2023-10-15
Produkt J-529,72.38,985.0,Spozywcze,2022-04-29
Produkt K-530,498.25,402.0,Spozywcze,2022-01-02
Produkt L-531,195.07,483.0,Sportowe,2022-02-15
Produkt M-532,422.18,242.0,ODZIEŻ,2023-07-02
Produkt N-533,429.7,402.0,domowe,2022-05-03
Produkt O-534,410.92,877.0,ODZIEŻ,2023-05-16
Produkt P-535,61.48,898.0,Elektronika,2023-11-26
Produkt Q-536,48.5,271.0,elektronika,2022-01-20
Produkt R-537,456.87,247.0,elektronika,2023-07-22
Produkt S-538,393.41,443.0,Spozywcze,2023-04-08
Produkt T-539,431.5,934.0,Spozywcze,2022-08-15
Produkt U-540,223.29,626.0,Sportowe,2022-01-28
Produkt V-541,37.45,77.0,ODZIEŻ,2022-10-05
Produkt W-542,163.66,202.0,domowe,2022-05-19
Produkt X-543,486.2,802.0,Sportowe,2022-04-04
Produkt Y-544,117.7,485.0,domowe,2023-05-06
Produkt Z-545,356.28,645.0,elektronika,2022-03-13
Produkt A-546,429.7,876.0,elektronika,2022-11-10
Produkt B-547,429.7,642.0,domowe,2023-01-29
Produkt C-548,211.33,547.0,Spozywcze,2023-12-24
Produkt D-549,186.38,210.0,domowe,2023-07-06
Produkt E-550,195.07,29.0,elektronika,2023-07-06
Produkt F-551,351.25,443.0,elektronika,2023-08-07
Produkt G-552,309.25,632.0,elektronika,2023-01-14
Produkt H-553,93.83,523.0,ODZIEŻ,2022-09-19
Produkt I-554,223.29,661.0,Elektronika,2022-03-07
Produkt J-555,485.36,202.0,elektronika,2023-10-30
Produkt K-556,317.65,19.0,Sportowe,2023-06-24
Produkt L-557,476.64,721.0,domowe,2022-12-13
Produkt M-558,175.2,361.0,Spozywcze,2023-11-22
Produkt N-559,311.75,885.0,ODZIEŻ,2023-07-05
Produkt O-560,476.64,261.0,Sportowe,2022-01-11
Produkt P-561,471.0,71.0,domowe,2022-07-20
Produkt Q-562,497.75,271.0,ODZIEŻ,2023-09-30
Produkt R-563,393.41,927.0,Sportowe,2022-08-20
Produkt S-564,127.41,623.0,ODZIEŻ,2022-04-04
Produkt T-565,,402.0,domowe,2022-09-05
Produkt U-566,20.56,261.0,domowe,2022-05-22
Produkt V-567,48.5,898.0,Sportowe,2022-04-25
Produkt W-568,303.97,71.0,domowe,2022-05-11
Produkt X-569,163.66,271.0,Elektronika,2022-04-17
Produkt Y-570,245.59,934.0,Elektronika,2022-12-06
Produkt Z-571,498.25,934.0,Spozywcze,2023-07-12
Produkt A-572,322.9,614.0,Spozywcze,2023-11-13
Produkt B-573,,227.0,domowe,2023-01-23
Produkt C-574,485.36,485.0,ODZIEŻ,2022-07-21
Produkt D-575,471.5,661.0,domowe,2023-03-18
Produkt E-576,341.93,875.0,domowe,2022-01-21
Produkt F-577,444.92,53.0,Sportowe,2023-04-22
Produkt G-578,147.93,483.0,Spozywcze,2023-10-28
Produkt H-579,75.8,369.0,elektronika,2022-08-08
Produkt I-580,20.56,831.0,domowe,2023-07-13
Produkt J-581,53.27,143.0,Sportowe,2022-08-24
Produkt K-582,72.59,53.0,ODZIEŻ,2022-08-20
Produkt L-583,269.67,894.0,elektronika,2022-01-02
Produkt M-584,147.93,877.0,Sportowe,2023-02-23
Produkt N-585,456.87,747.0,Elektronika,2023-01-22
Produkt O-586,282.64,146.0,Spozywcze,2023-02-01
Produkt P-587,471.5,894.0,Spozywcze,2023-01-22
Produkt Q-588,309.25,153.0,Elektronika,2023-07-09
Produkt R-589,6.0,101.0,Elektronika,2023-03-04
Produkt S-590,311.75,371.0,domowe,2023-07-25
Produkt T-591,127.41,485.0,Elektronika,nan
Produkt U-592,48.5,934.0,Elektronika,2022-03-06
Produkt V-593,72.38,146.0,Sportowe,2023-12-02
Produkt W-594,163.66,442.0,ODZIEŻ,2022-12-02
Produkt X-595,223.29,77.0,Elektronika,2023-08-28
Produkt Y-596,341.72,598.0,Spozywcze,2023-12-12
Produkt Z-597,207.58,143.0,elektronika,2022-07-18
Produkt A-598,48.5,625.0,Sportowe,2022-11-18
Produkt B-599,314.07,390.0,domowe,2022-01-22
Produkt C-600,156.48,130.0,Spozywcze,2022-12-02
Produkt D-601,341.93,247.0,Spozywcze,2022-06-06
Produkt E-602,322.9,57.0,Sportowe,2023-07-12
Produkt F-603,11.31,261.0,Sportowe,2022-05-28
Produkt G-604,341.72,466.0,Elektronika,2023-01-23
Produkt H-605,440.4,841.0,domowe,2022-10-05
Produkt I-606,133.22,242.0,Spozywcze,2022-02-06
Produkt J-607,447.26,466.0,Spozywcze,2022-07-18
Produkt K-608,356.28,420.0,Sportowe,2022-08-25
Produkt L-609,440.4,877.0,ODZIEŻ,2022-08-30
Produkt M-610,371.22,559.0,Sportowe,2023-10-21
Produkt N-611,369.69,606.0,Elektronika,2022-02-16
Produkt O-612,113.93,566.0,domowe,2022-05-15
Produkt P-613,288.85,374.0,Sportowe,2023-09-22
Produkt Q-614,161.59,817.0,Elektronika,2022-12-02
Produkt R-615,133.22,877.0,ODZIEŻ,2022-01-30
Produkt S-616,141.42,227.0,domowe,2023-06-20
Produkt T-617,311.75,53.0,Sportowe,2022-07-14
Produkt U-618,93.83,120.0,Sportowe,2022-01-31
Produkt V-619,117.7,371.0,elektronika,2023-12-23
Produkt W-620,458.75,182.0,elektronika,2023-10-03
Produkt X-621,447.26,143.0,Spozywcze,2022-04-07
Produkt Y-622,103.7,431.0,Sportowe,2022-06-28
Produkt Z-623,485.21,153.0,domowe,2023-02-05
Produkt A-624,103.7,483.0,elektronika,2022-01-14
Produkt B-625,458.75,431.0,ODZIEŻ,2023-03-04
Produkt C-626,72.59,143.0,Elektronika,2022-09-24
Produkt D-627,311.75,143.0,Sportowe,2022-06-09
Produkt E-628,53.27,566.0,Elektronika,2023-05-04
Produkt F-629,186.38,547.0,ODZIEŻ,2023-09-03
Produkt G-630,127.41,898.0,Elektronika,2022-03-26
Produkt H-631,498.25,444.0,Spozywcze,2023-12-07
Produkt I-632,456.87,101.0,Spozywcze,2023-12-12
Produkt J-633,175.2,194.0,elektronika,2022-04-03
Produkt K-634,486.2,719.0,Spozywcze,2023-12-18
Produkt L-635,422.18,831.0,Spozywcze,2023-05-13
Produkt M-636,93.83,190.0,Spozywcze,2022-06-21
Produkt N-637,93.83,357.0,ODZIEŻ,2023-09-19
Produkt O-638,351.25,625.0,elektronika,2023-01-17
Produkt P-639,195.07,202.0,domowe,2023-11-18
Produkt Q-640,273.57,635.0,elektronika,2023-05-28
Produkt R-641,351.26,719.0,ODZIEŻ,2022-12-25
Produkt S-642,48.5,77.0,elektronika,2022-05-21
Produkt T-643,61.48,444.0,ODZIEŻ,2023-01-07
Produkt U-644,93.83,831.0,Sportowe,2022-03-03
Produkt V-645,282.64,,ODZIEŻ,2023-01-01
Produkt W-646,280.66,143.0,elektronika,2022-01-20
Produkt X-647,65.79,53.0,Elektronika,2023-05-25
Produkt Y-648,393.41,242.0,elektronika,2023-09-08
Produkt Z-649,275.26,,ODZIEŻ,2022-06-18
Produkt A-650,275.26,625.0,elektronika,2022-04-09
Produkt B-651,103.7,,Elektronika,2022-08-15
Produkt C-652,211.33,255.0,Spozywcze,2022-11-12
Produkt D-653,269.67,153.0,Sportowe,2023-01-19
Produkt E-654,337.54,153.0,ODZIEŻ,2022-03-01
Produkt F-655,404.57,666.0,Elektronika,2022-02-15
Produkt G-656,380.11,920.0,Elektronika,2022-01-25
Produkt H-657,331.48,721.0,domowe,2022-03-04
Produkt I-658,485.21,130.0,elektronika,2023-04-06
Produkt J-659,458.75,476.0,domowe,2022-07-26
Produkt K-660,61.48,894.0,Elektronika,2022-11-24
Produkt L-661,86.93,466.0,domowe,2023-01-25
Produkt M-662,440.4,488.0,elektronika,2022-08-14
Produkt N-663,351.26,660.0,Elektronika,2023-10-19
Produkt O-664,393.41,193.0,elektronika,2022-12-12
Produkt P-665,20.56,443.0,domowe,2022-07-02
Produkt Q-666,117.7,485.0,domowe,2023-01-04
Produkt R-667,61.48,425.0,domowe,2023-09-17
Produkt S-668,300.46,194.0,Sportowe,2022-09-18
Produkt T-669,,357.0,Elektronika,2022-06-24
Produkt U-670,252.34,466.0,Elektronika,2022-07-27
Produkt V-671,238.62,227.0,Sportowe,2022-12-03
Produkt W-672,72.38,614.0,elektronika,2022-06-24
Produkt X-673,287.7,632.0,Spozywcze,2022-01-05
Produkt Y-674,309.25,420.0,domowe,2023-06-27
Produkt Z-675,287.7,919.0,ODZIEŻ,2022-01-09
Produkt A-676,195.07,606.0,Sportowe,2023-01-01
Produkt B-677,393.41,885.0,domowe,2022-05-15
Produkt C-678,288.85,420.0,domowe,2022-01-15
Produkt D-679,20.56,876.0,Elektronika,2023-05-25
Produkt E-680,498.25,371.0,domowe,2023-12-18
Produkt F-681,147.93,666.0,Sportowe,2023-12-15
Produkt G-682,72.59,255.0,Sportowe,2022-09-24
Produkt H-683,20.56,120.0,elektronika,2023-11-18
Produkt I-684,75.8,431.0,Elektronika,2023-08-10
Produkt J-685,351.25,566.0,elektronika,2022-10-05
Produkt K-686,245.59,420.0,Elektronika,2023-07-07
Produkt L-687,127.41,660.0,Spozywcze,2023-07-12
Produkt M-688,450.57,371.0,Spozywcze,2023-10-02
Produkt N-689,75.8,660.0,domowe,2023-02-05
Produkt O-690,456.87,420.0,Spozywcze,2023-08-17
Produkt P-691,485.36,299.0,Spozywcze,2022-03-25
Produkt Q-692,480.21,598.0,Elektronika,2023-06-11
Produkt R-693,399.45,371.0,ODZIEŻ,2023-06-01
Produkt S-694,458.75,598.0,Spozywcze,2023-12-12
Produkt T-695,,431.0,ODZIEŻ,2022-06-13
Produkt U-696,211.33,233.0,Spozywcze,2023-09-04
Produkt V-697,447.32,442.0,Spozywcze,2022-10-20
Produkt W-698,471.5,101.0,ODZIEŻ,2022-02-25
Produkt X-699,207.58,182.0,domowe,2023-04-25
Produkt Y-700,399.45,566.0,domowe,2023-12-30
Produkt Z-701,,894.0,domowe,2022-01-20
Produkt A-702,119.69,614.0,elektronika,2022-01-18
Produkt B-703,53.27,377.0,Sportowe,2022-04-13
Produkt C-704,458.75,374.0,Spozywcze,2023-05-17
Produkt D-705,61.48,927.0,elektronika,2022-03-03
Produkt E-706,163.66,623.0,domowe,2022-09-28
Produkt F-707,,831.0,ODZIEŻ,2022-04-01
Produkt G-708,161.59,261.0,domowe,2022-05-19
Produkt H-709,223.29,876.0,Sportowe,2022-06-12
Produkt I-710,341.72,143.0,Elektronika,2022-09-14
Produkt J-711,404.57,719.0,ODZIEŻ,2023-09-13
Produkt K-712,303.97,227.0,domowe,2022-02-05
Produkt L-713,93.83,193.0,domowe,2022-07-21
Produkt M-714,48.88,377.0,ODZIEŻ,2023-04-12
Produkt N-715,369.69,515.0,domowe,2022-10-10
Produkt O-716,65.79,468.0,Spozywcze,2023-09-24
Produkt P-717,275.26,885.0,elektronika,2023-08-07
Produkt Q-718,356.28,661.0,Sportowe,2023-02-20
Produkt R-719,86.93,666.0,Sportowe,2023-09-04
Produkt S-720,399.45,841.0,domowe,2023-03-24
Produkt T-721,456.87,71.0,Sportowe,2023-04-09
Produkt U-722,184.59,29.0,ODZIEŻ,2022-02-05
Produkt V-723,369.69,442.0,Sportowe,2023-10-03
Produkt W-724,273.57,894.0,elektronika,2022-08-05
Produkt X-725,429.7,917.0,Spozywcze,2023-02-04
Produkt Y-726,186.38,614.0,domowe,2022-11-27
Produkt Z-727,422.18,940.0,elektronika,2023-10-21
Produkt A-728,303.97,193.0,Elektronika,2022-01-09
Produkt B-729,404.57,660.0,ODZIEŻ,2023-10-03
Produkt C-730,410.92,369.0,Spozywcze,2023-02-27
Produkt D-731,288.85,666.0,elektronika,2023-04-25
Produkt E-732,274.03,920.0,Elektronika,2022-03-01
Produkt F-733,245.59,278.0,Sportowe,2022-05-18
Produkt G-734,476.64,485.0,domowe,2023-09-29
Produkt H-735,440.4,645.0,Sportowe,2023-09-19
Produkt I-736,65.79,271.0,ODZIEŻ,2023-06-04
Produkt J-737,204.1,233.0,elektronika,2022-08-24
Produkt K-738,356.28,247.0,ODZIEŻ,2022-11-04
Produkt L-739,329.37,721.0,Sportowe,2022-12-19
Produkt M-740,161.59,894.0,ODZIEŻ,2023-09-13
Produkt N-741,485.81,485.0,Sportowe,2022-04-09
Produkt O-742,314.07,642.0,domowe,2023-10-09
Produkt P-743,380.11,29.0,domowe,2022-08-17
Produkt Q-744,269.67,623.0,ODZIEŻ,2023-07-27
Produkt R-745,211.33,919.0,ODZIEŻ,2023-08-31
Produkt S-746,422.89,53.0,Elektronika,2022-09-21
Produkt T-747,331.48,271.0,Elektronika,2022-04-28
Produkt U-748,329.37,371.0,Spozywcze,2023-09-24
Produkt V-749,282.64,645.0,ODZIEŻ,2022-06-09
Produkt W-750,422.89,476.0,Sportowe,2022-09-02
Produkt X-751,195.07,841.0,elektronika,2022-05-15
Produkt Y-752,72.59,801.0,elektronika,2023-04-06
Produkt Z-753,141.47,515.0,Sportowe,2022-02-05
Produkt A-754,72.38,898.0,Sportowe,2022-02-25
Produkt B-755,485.81,227.0,elektronika,2023-10-28
Produkt C-756,37.45,480.0,domowe,2022-12-09
Produkt D-757,447.32,632.0,Sportowe,2022-06-15
Produkt E-758,273.57,488.0,ODZIEŻ,2023-11-19
Produkt F-759,471.5,885.0,ODZIEŻ,2023-05-26
Produkt G-760,450.57,202.0,Sportowe,2023-04-09
Produkt H-761,108.85,488.0,ODZIEŻ,2022-11-30
Produkt I-762,163.66,182.0,elektronika,2022-11-30
Produkt J-763,163.66,606.0,elektronika,2022-12-31
Produkt K-764,211.33,130.0,ODZIEŻ,2023-05-13
Produkt L-765,6.0,876.0,domowe,2023-01-29
Produkt M-766,447.26,53.0,domowe,2023-08-22
Produkt N-767,183.72,523.0,Elektronika,2023-03-20
Produkt O-768,245.59,202.0,elektronika,2022-12-12
Produkt P-769,309.25,480.0,Elektronika,2023-08-06
Produkt Q-770,252.34,261.0,Elektronika,2022-04-25
Produkt R-771,53.27,985.0,domowe,2023-06-23
Produkt S-772,175.2,442.0,elektronika,2022-10-01
Produkt T-773,204.1,101.0,domowe,2022-06-09
Produkt U-774,195.07,831.0,ODZIEŻ,2022-03-09
Produkt V-775,337.54,623.0,elektronika,2022-04-28
Produkt W-776,113.93,875.0,Sportowe,2023-03-08
Produkt X-777,282.64,425.0,ODZIEŻ,2023-05-13
Produkt Y-778,108.85,420.0,elektronika,2023-04-25
Produkt Z-779,269.39,247.0,Sportowe,2022-07-01
Produkt A-780,156.48,402.0,elektronika,2022-11-10
Produkt B-781,317.43,271.0,domowe,2023-01-06
Produkt C-782,108.85,547.0,Sportowe,2023-04-18
Produkt D-783,371.22,377.0,elektronika,2022-04-19
Produkt E-784,300.46,466.0,Elektronika,2023-02-10
Produkt F-785,300.46,626.0,Sportowe,2022-01-18
Produkt G-786,317.43,146.0,Elektronika,2022-08-04
Produkt H-787,431.5,361.0,Sportowe,2023-02-13
Produkt I-788,86.93,202.0,domowe,2023-11-19
Produkt J-789,53.27,801.0,Sportowe,2023-11-06
Produkt K-790,141.42,877.0,Sportowe,2022-10-04
Produkt L-791,93.83,29.0,Spozywcze,2023-01-19
Produkt M-792,480.21,143.0,ODZIEŻ,2022-05-15
Produkt N-793,444.92,876.0,Sportowe,2023-09-07
Produkt O-794,341.93,329.0,Elektronika,2022-02-05
Produkt P-795,156.48,841.0,Elektronika,2022-02-27
Produkt Q-796,476.64,299.0,Sportowe,2022-12-04
Produkt R-797,410.92,483.0,elektronika,2023-11-21
Produkt S-798,127.41,299.0,Elektronika,2023-03-12
Produkt T-799,351.26,877.0,domowe,2022-06-27
Produkt U-800,341.72,562.0,Elektronika,2022-12-19
Produkt V-801,,182.0,Elektronika,2023-02-07
Produkt W-802,72.38,875.0,ODZIEŻ,2022-09-28
Produkt X-803,486.2,444.0,Spozywcze,2023-03-30
Produkt Y-804,86.93,299.0,ODZIEŻ,2023-12-17
Produkt Z-805,476.64,,Elektronika,2022-03-29
Produkt A-806,283.06,488.0,Spozywcze,2023-01-14
Produkt B-807,269.67,242.0,Elektronika,2023-06-16
Produkt C-808,269.67,29.0,Sportowe,2023-03-11
Produkt D-809,72.59,606.0,ODZIEŻ,2022-06-06
Produkt E-810,204.1,466.0,domowe,2022-08-12
Produkt F-811,178.63,369.0,Spozywcze,2022-09-27
Produkt G-812,113.93,912.0,Spozywcze,2023-02-07
Produkt H-813,476.64,210.0,Sportowe,2023-07-19
Produkt I-814,141.42,802.0,Elektronika,2022-11-02
Produkt J-815,37.45,101.0,Elektronika,2023-07-13
Produkt K-816,476.64,369.0,Spozywcze,2023-12-15
Produkt L-817,447.32,625.0,Spozywcze,2023-04-15
Produkt M-818,456.87,626.0,ODZIEŻ,2023-01-06
Produkt N-819,204.1,476.0,domowe,2023-09-24
Produkt O-820,314.07,645.0,Elektronika,2023-04-12
Produkt P-821,429.7,361.0,Spozywcze,2022-02-24
Produkt Q-822,195.07,443.0,Elektronika,2022-03-07
Produkt R-823,133.22,660.0,ODZIEŻ,2022-03-04
Produkt S-824,72.59,920.0,ODZIEŻ,2022-01-31
Produkt T-825,161.59,,Spozywcze,2022-06-28
Produkt U-826,275.26,940.0,Elektronika,2023-02-26
Produkt V-827,399.45,719.0,ODZIEŻ,2023-12-14
Produkt W-828,498.25,606.0,ODZIEŻ,2022-05-21
Produkt X-829,183.72,831.0,ODZIEŻ,2022-05-24
Produkt Y-830,113.93,559.0,Sportowe,2023-09-14
Produkt Z-831,440.4,666.0,Spozywcze,2023-07-10
Produkt A-832,431.5,476.0,ODZIEŻ,2022-09-02
Produkt B-833,351.26,143.0,Sportowe,2022-05-22
Produkt C-834,337.54,483.0,elektronika,2023-06-27
Produkt D-835,283.06,468.0,domowe,2022-08-08
Produkt E-836,486.2,841.0,Spozywcze,2022-07-29
Produkt F-837,161.59,488.0,elektronika,2023-01-17
Produkt G-838,103.7,190.0,Elektronika,2022-08-24
Produkt H-839,404.57,598.0,elektronika,2022-04-03
Produkt I-840,280.66,812.0,elektronika,2022-11-12
Produkt J-841,329.37,898.0,Elektronika,2022-08-04
Produkt K-842,300.46,202.0,elektronika,2022-09-02
Produkt L-843,458.75,885.0,Sportowe,2023-06-24
Produkt M-844,156.48,614.0,Spozywcze,2023-05-07
Produkt N-845,450.57,444.0,domowe,2023-01-13
Produkt O-846,337.54,420.0,domowe,2023-11-22
Produkt P-847,447.32,371.0,ODZIEŻ,2023-06-13
Produkt Q-848,287.7,,domowe,2022-04-14
Produkt R-849,456.87,488.0,Elektronika,2023-06-02
Produkt S-850,178.63,747.0,domowe,2022-12-29
Produkt T-851,331.48,485.0,domowe,2022-03-22
Produkt U-852,37.45,547.0,Spozywcze,2022-01-09
Produkt V-853,485.36,193.0,Spozywcze,2023-06-20
Produkt W-854,6.0,488.0,Sportowe,2022-07-27
Produkt X-855,280.66,77.0,Elektronika,2023-04-06
Produkt Y-856,317.43,357.0,Elektronika,2023-10-14
Produkt Z-857,,927.0,ODZIEŻ,2023-01-20
Produkt A-858,223.76,985.0,Sportowe,2022-11-17
Produkt B-859,471.0,642.0,Spozywcze,2023-06-10
Produkt C-860,273.57,371.0,Sportowe,2023-04-21
Produkt D-861,337.54,985.0,domowe,2022-12-21
Produkt E-862,458.75,480.0,Elektronika,2023-04-19
Produkt F-863,380.11,194.0,Sportowe,2022-06-25
Produkt G-864,195.07,917.0,elektronika,2023-08-26
Produkt H-865,161.59,547.0,Elektronika,2022-06-28
Produkt I-866,48.5,233.0,Elektronika,2023-09-16
Produkt J-867,431.5,485.0,domowe,2022-10-30
Produkt K-868,447.32,193.0,elektronika,2023-12-27
Produkt L-869,223.29,942.0,Elektronika,2022-04-13
Produkt M-870,282.64,57.0,domowe,2023-06-14
Produkt N-871,422.89,485.0,elektronika,2022-03-19
Produkt O-872,61.48,227.0,ODZIEŻ,2023-10-25
Produkt P-873,72.59,19.0,domowe,2023-01-28
Produkt Q-874,485.21,402.0,elektronika,2023-03-05
Produkt R-875,61.48,919.0,ODZIEŻ,2022-04-26
Produkt S-876,485.21,719.0,Sportowe,2022-10-11
Produkt T-877,65.79,390.0,domowe,2022-11-30
Produkt U-878,497.75,476.0,domowe,2022-10-26
Produkt V-879,48.88,875.0,Spozywcze,2022-05-25
Produkt W-880,48.88,444.0,elektronika,2023-01-01
Produkt X-881,288.85,77.0,domowe,2022-05-05
Produkt Y-882,371.22,876.0,Sportowe,2022-01-27
Produkt Z-883,288.85,202.0,Spozywcze,2022-02-10
Produkt A-884,480.21,623.0,Elektronika,2023-12-02
Produkt B-885,380.11,877.0,Sportowe,2023-11-12
Produkt C-886,48.5,912.0,Spozywcze,2022-09-25
Produkt D-887,485.21,645.0,Spozywcze,2023-09-30
Produkt E-888,447.26,444.0,Elektronika,2023-08-13
Produkt F-889,37.45,942.0,ODZIEŻ,2022-01-21
Produkt G-890,161.59,369.0,ODZIEŻ,2023-11-28
Produkt H-891,119.69,483.0,ODZIEŻ,2022-01-11
Produkt I-892,317.43,29.0,Spozywcze,2022-08-28
Produkt J-893,380.11,801.0,Spozywcze,2023-05-22
Produkt K-894,20.56,559.0,Elektronika,2022-03-18
Produkt L-895,317.43,431.0,Sportowe,2023-07-31
Produkt M-896,422.89,927.0,domowe,2022-10-08
Produkt N-897,404.57,77.0,Elektronika,2022-08-24
Produkt O-898,93.83,626.0,domowe,2023-03-18
Produkt P-899,337.54,485.0,Elektronika,2022-03-28
Produkt Q-900,429.7,747.0,domowe,2023-12-30
Produkt R-901,282.64,942.0,Elektronika,2023-09-23
Produkt S-902,383.95,515.0,domowe,2023-02-27
Produkt T-903,341.72,817.0,ODZIEŻ,2023-06-29
Produkt U-904,498.25,431.0,ODZIEŻ,2022-03-07
Produkt V-905,223.76,299.0,ODZIEŻ,2022-11-26
Produkt W-906,11.31,480.0,elektronika,2023-03-04
Produkt X-907,341.93,485.0,Elektronika,2022-02-19
Produkt Y-908,238.62,559.0,domowe,2022-07-08
Produkt Z-909,371.22,485.0,Sportowe,2023-09-19
Produkt A-910,450.57,53.0,elektronika,2023-02-23
Produkt B-911,282.64,143.0,Sportowe,2022-06-07
Produkt C-912,447.26,547.0,domowe,2023-05-06
Produkt D-913,447.32,,domowe,2023-07-18
Produkt E-914,223.76,182.0,domowe,2022-03-26
Produkt F-915,287.7,985.0,Sportowe,2022-12-25
Produkt G-916,20.56,831.0,elektronika,2023-07-02
Produkt H-917,72.59,130.0,elektronika,2023-01-22
Produkt I-918,447.26,645.0,Sportowe,2022-07-27
Produkt J-919,331.48,255.0,ODZIEŻ,2023-07-03
Produkt K-920,287.7,919.0,Elektronika,2023-06-26
Produkt L-921,497.75,666.0,Spozywcze,2023-03-14
Produkt M-922,282.64,626.0,Sportowe,2023-11-22
Produkt N-923,331.48,,Elektronika,2023-02-21
Produkt O-924,211.33,146.0,Spozywcze,2022-10-16
Produkt P-925,223.76,721.0,ODZIEŻ,2022-01-25
Produkt Q-926,447.26,143.0,Spozywcze,2022-07-29
Produkt R-927,72.38,377.0,Spozywcze,2023-09-27
Produkt S-928,499.93,817.0,ODZIEŻ,2022-09-21
Produkt T-929,103.7,193.0,Elektronika,2022-10-24
Produkt U-930,48.5,625.0,Spozywcze,2022-11-29
Produkt V-931,6.0,940.0,Sportowe,2023-10-14
Produkt W-932,431.5,885.0,Elektronika,2022-01-09
Produkt X-933,175.2,598.0,Elektronika,2022-04-28
Produkt Y-934,48.88,598.0,Spozywcze,2023-02-05
Produkt Z-935,447.26,917.0,elektronika,2022-09-05
Produkt A-936,238.62,374.0,domowe,2022-02-18
Produkt B-937,127.41,485.0,Sportowe,2023-12-12
Produkt C-938,356.28,278.0,Elektronika,2023-09-19
Produkt D-939,163.66,371.0,ODZIEŻ,2023-08-31
Produkt E-940,275.26,71.0,ODZIEŻ,2023-04-05
Produkt F-941,223.76,642.0,elektronika,2022-01-01
Produkt G-942,287.7,559.0,elektronika,2022-02-19
Produkt H-943,498.25,101.0,ODZIEŻ,2022-01-08
Produkt I-944,329.37,431.0,Elektronika,2022-07-07
Produkt J-945,133.22,934.0,ODZIEŻ,2022-03-25
Produkt K-946,311.75,719.0,elektronika,2023-07-03
Produkt L-947,309.25,831.0,Spozywcze,2022-01-15
Produkt M-948,383.95,661.0,elektronika,2023-04-06
Produkt N-949,108.85,329.0,elektronika,2022-06-13
Produkt O-950,20.56,19.0,Spozywcze,2022-12-09
Produkt P-951,86.93,747.0,elektronika,2022-05-21
Produkt Q-952,485.81,480.0,domowe,2022-12-29
Produkt R-953,,559.0,ODZIEŻ,2022-09-22
Produkt S-954,86.93,598.0,Spozywcze,2022-06-22
Produkt T-955,175.2,485.0,Spozywcze,2022-03-03
Produkt U-956,456.87,261.0,elektronika,2022-02-12
Produkt V-957,422.89,632.0,elektronika,2023-08-07
Produkt W-958,93.83,193.0,domowe,2022-09-30
Produkt X-959,486.2,927.0,domowe,2023-08-09
Produkt Y-960,311.75,210.0,ODZIEŻ,2023-12-20
Produkt Z-961,476.64,361.0,Spozywcze,2023-12-10
Produkt A-962,447.26,278.0,domowe,2022-03-29
Produkt B-963,211.33,559.0,Sportowe,2023-10-31
Produkt C-964,498.25,894.0,Spozywcze,2023-06-27
Produkt D-965,331.48,369.0,domowe,2023-02-04
Produkt E-966,93.83,371.0,Sportowe,2023-05-04
Produkt F-967,178.63,278.0,Spozywcze,2022-07-08
Produkt G-968,175.2,614.0,elektronika,2023-06-08
Produkt H-969,108.85,369.0,Sportowe,2023-11-10
Produkt I-970,317.65,153.0,elektronika,2023-04-25
Produkt J-971,184.59,480.0,domowe,2023-10-19
Produkt K-972,422.18,361.0,elektronika,2023-01-03
Produkt L-973,6.0,721.0,elektronika,2022-10-13
Produkt M-974,178.63,985.0,Elektronika,2023-08-22
Produkt N-975,498.25,812.0,Spozywcze,2023-05-14
Produkt O-976,93.83,420.0,Spozywcze,2023-02-23
Produkt P-977,282.64,402.0,domowe,2023-03-18
Produkt Q-978,450.57,523.0,Sportowe,2022-08-18
Produkt R-979,431.5,120.0,ODZIEŻ,2022-06-19
Produkt S-980,329.37,153.0,elektronika,2022-07-16
Produkt T-981,11.31,934.0,Elektronika,2022-08-09
Produkt U-982,314.07,841.0,elektronika,2023-08-10
Produkt V-983,425.91,431.0,Spozywcze,2022-02-15
Produkt W-984,498.25,130.0,domowe,2023-03-23
Produkt X-985,93.83,278.0,elektronika,2023-01-01
Produkt Y-986,317.43,329.0,ODZIEŻ,2022-10-24
Produkt Z-987,311.75,488.0,elektronika,2022-12-02
Produkt A-988,252.34,606.0,ODZIEŻ,2023-04-09
Produkt B-989,356.28,623.0,Sportowe,2022-02-05
Produkt C-990,393.41,443.0,Elektronika,2023-09-16
Produkt D-991,471.5,817.0,Spozywcze,2022-05-25
Produkt E-992,329.37,559.0,ODZIEŻ,2023-05-25
Produkt F-993,444.92,480.0,Spozywcze,2023-01-06
Produkt G-994,141.47,371.0,domowe,2022-03-13
Produkt H-995,,361.0,Spozywcze,2022-06-24
Produkt I-996,287.7,898.0,Sportowe,2023-05-06
Produkt J-997,445.08,912.0,ODZIEŻ,2022-03-29
Produkt K-998,371.22,476.0,Sportowe,2023-03-12
Produkt L-999,141.42,483.0,Spozywcze,2022-09-12
Produkt M-1000,211.33,71.0,elektronika,2023-03-31
Produkt L-11,322.9,635.0,domowe,2022-08-20
Produkt M-12,351.26,480.0,Spozywcze,2022-10-30
Produkt N-13,86.93,468.0,domowe,2022-01-14
Produkt O-14,440.4,985.0,Spozywcze,2023-05-25
Produkt P-15,245.59,193.0,Sportowe,2023-03-07
Produkt Q-16,127.41,920.0,Elektronika,2022-12-25
Produkt R-17,498.25,875.0,Sportowe,2023-12-24
Produkt S-18,127.41,143.0,Spozywcze,2022-09-06
Produkt T-19,141.47,721.0,Spozywcze,2023-12-08
Produkt U-20,146.1,57.0,domowe,2022-02-18
